[
  {
    "judul": "Inception",
    "deskripsi": "Seorang pencuri yang mencuri rahasia dari alam bawah sadar harus melakukan tugas terbalik: menanamkan ide ke dalam pikiran seseorang.",
    "poster": "https://upload.wikimedia.org/wikipedia/en/2/2e/Inception_%282010%29_theatrical_poster.jpg"
  },
  {
    "judul": "Interstellar",
    "deskripsi": "Sekelompok penjelajah luar angkasa melakukan perjalanan melalui lubang cacing untuk menemukan planet baru bagi umat manusia yang hampir punah.",
    "poster": "https://upload.wikimedia.org/wikipedia/en/b/bc/Interstellar_film_poster.jpg"
  },
  {
    "judul": "The Dark Knight",
    "deskripsi": "Batman harus menghadapi Joker, penjahat sadis yang ingin menjerumuskan Gotham ke dalam kekacauan.",
    "poster": "https://upload.wikimedia.org/wikipedia/en/1/1c/The_Dark_Knight_%282008_film%29.jpg"
  },
  {
    "judul": "Tenet",
    "deskripsi": "Seorang agen rahasia berusaha mencegah bencana global dengan menggunakan teknologi yang dapat memanipulasi waktu.",
    "poster": "https://upload.wikimedia.org/wikipedia/en/1/14/Tenet_movie_poster.jpg"
  },
  {
    "judul": "Dunkirk",
    "deskripsi": "Selama Perang Dunia II, ribuan tentara sekutu berusaha dievakuasi dari pantai Dunkirk saat pasukan musuh mendekat.",
    "poster": "https://upload.wikimedia.org/wikipedia/en/1/15/Dunkirk_Film_poster.jpg"
  }
]