{
  "id": 24,
  "nama": "Attack on Titan: Before the Fall",
  "kategori": "Manga",
  "rating": 8.4,
  "tahun_terbit": 2011,
  "deskripsi": "Berlatar sebelum kisah utama Attack on Titan, manga ini mengikuti petualangan manusia pertama yang berhasil menciptakan senjata anti-Titan, memberikan pandangan lebih dalam ke dalam dunia yang dihancurkan oleh Titan.",
  "studio": "Kodansha",
  "jumlah_episode": "21",
  "penulis": "Ryo Suzukaze",
  "genre": ["Action", "Adventure", "Fantasy"],
  "status": "Selesai"
}