{
  "id": 25,
  "nama": "The Promised Neverland",
  "kategori": "Manga",
  "rating": 8.7,
  "tahun_terbit": 2016,
  "deskripsi": "Sekelompok anak yatim piatu di panti asuhan Grace Field menemukan rahasia gelap tentang dunia mereka. Mereka berusaha melarikan diri dari panti asuhan dan menemukan cara untuk melawan kekuatan jahat yang mengancam kehidupan mereka.",
  "studio": "Shueisha",
  "jumlah_episode": "20",
  "penulis": "Kaiu Shirai",
  "genre": ["Mystery", "Thriller", "Horror"],
  "status": "Selesai"
}