{
  "id": 29,
  "nama": "Kaguya-sama: Love is War",
  "kategori": "Manga",
  "rating": 8.9,
  "tahun_terbit": 2015,
  "deskripsi": "Kaguya Shinomiya dan Miyuki Shirogane adalah dua siswa papan atas di Akademi Shuchiin. Mereka berdua saling jatuh cinta, tetapi ego mereka menghalangi untuk mengungkapkan perasaan mereka. Mereka memulai permainan strategi cerdas untuk membuat pihak lain mengaku terlebih dahulu.",
  "studio": "Shueisha",
  "jumlah_episode": "24",
  "penulis": "Aka Akasaka",
  "genre": ["Comedy", "Romance", "Psychological"],
  "status": "Selesai"
}