{
  "id": 30,
  "nama": "Fairy Tail: 100 Years Quest",
  "kategori": "Manga",
  "rating": 8.4,
  "tahun_terbit": 2018,
  "deskripsi": "Setelah mengalahkan Avatar dan kembali ke kedamaian, Natsu dan teman-temannya melanjutkan petualangan mereka untuk menyelesaikan misi '100 Years Quest' yang penuh dengan tantangan dan musuh-musuh kuat.",
  "studio": "Kodansha",
  "jumlah_episode": "100",
  "penulis": "Hiro Mashima",
  "genre": ["Action", "Adventure", "Fantasy"],
  "status": "Berlanjut"
}